{
  "name": "swade-toolkit",
  "title": "SWADE Toolkit",
  "description": "<p>A collection of macros and automation API for the SWADE system. If you find this module useful, please consider contributing to the maintenance fund at <a href='ko-fi.com/spacemandev'>ko-fi.com/spacemandev</a> </p>",
  "author": "spacemandev (spacemandev#6256)",
  "version": "1.1.2",
  "minimumCoreVersion": "0.6.0",
  "compatibleCoreVersion": "0.7.9",
  "url": "https://github.com/spacemandev-git/fvtt-swade-toolkit",
  "manifest": "https://github.com/spacemandev-git/fvtt-swade-toolkit/releases/download/latest/module.json",
  "download": "https://github.com/spacemandev-git/fvtt-swade-toolkit/releases/download/latest/module.zip",
  "type": "module",
  "includes": [
    "./assets/**",
    "./lang/**",
    "./scripts/**",
    "./styles/**",
    "./templates/**",
    "./module.json",
    "./README.md",
    "./readme_assets/"
  ],
  "media": [],
  "esmodules": [
    "scripts/macros.js",
    "scripts/status_effects/status_effects.js",
    "scripts/active_effects/active_effects.js"
  ],
  "styles": [
    "styles/swade-toolkit.css",
    "styles/chat/swade-toolkit-chat.css"
  ],
  "languages": [{
    "lang": "en",
    "name": "English",
    "path": "lang/en.json"
  },
  {
    "lang": "es",
    "name": "Spanish",
    "path": "lang/es.json"
  }]
}
